"","aptDong","aptNm","buildYear","buyerGbn","cdealDay","cdealType","dealAmount","dealDay","dealMonth","dealYear","dealingGbn","estateAgentSggNm","excluUseAr","floor","jibun","landLeaseholdGbn","rgstDate","sggCd","slerGbn","umdNm"
"1"," ","개포래미안포레스트",2020," "," "," ","245,000",17,1,2021," "," ",74.66,7,"1282","N"," ",11680," ","개포동"
"2"," ","성원대치2단지아파트",1992," "," "," ","111,000",21,1,2021," "," ",33.18,12,"12","N"," ",11680," ","개포동"
"3"," ","쌍용플레티넘밸류",2007," "," "," ","149,000",29,1,2021," "," ",110.57,8,"826-37","N"," ",11680," ","역삼동"
"4"," ","개포우성1",1983," "," "," ","285,000",2,1,2021," "," ",84.81,12,"503","N"," ",11680," ","대치동"
"5"," ","개포주공7단지",1983," "," "," ","235,000",30,1,2021," "," ",73.26,1,"185","N"," ",11680," ","개포동"
"6"," ","강남데시앙포레",2014," "," "," ","182,000",18,1,2021," "," ",84.92,8,"795","N"," ",11680," ","수서동"
"7"," ","개포우성1",1983," ","21.04.26","O","285,000",2,1,2021," "," ",84.81,12,"503","N"," ",11680," ","대치동"
"8"," ","롯데캐슬모닝",2003," "," "," ","225,000",23,1,2021," "," ",150.78,4,"551-28","N"," ",11680," ","도곡동"
"9"," ","가람",1993," "," "," ","225,000",9,1,2021," "," ",84.95,4,"735","N"," ",11680," ","일원동"
"10"," ","강남엘에이치1단지",2013," "," "," ","140,000",28,1,2021," "," ",59.86,10,"579","N"," ",11680," ","세곡동"
"11"," ","래미안 개포 루체하임",2018," "," "," ","240,000",13,1,2021," "," ",71.68,24,"741","N"," ",11680," ","일원동"
"12"," ","신현대11차",1983," "," "," ","500,000",11,1,2021," "," ",183.41,5,"433","N"," ",11680," ","압구정동"
"13"," ","래미안블레스티지",2019," "," "," ","267,000",14,1,2021," "," ",84.943,6,"1280","N"," ",11680," ","개포동"
"14"," ","신현대9차",1982," "," "," ","305,000",20,1,2021," "," ",108.88,7,"426","N"," ",11680," ","압구정동"
"15"," ","미성1차",1982," "," "," ","430,000",30,1,2021," "," ",180.56,4,"414","N"," ",11680," ","압구정동"
"16"," ","현대10차(201,202동)",1982," "," "," ","280,000",2,1,2021," "," ",108.15,2,"436","N"," ",11680," ","압구정동"
"17"," ","마일스디오빌",2004," "," "," ","35,300",31,1,2021," "," ",36.29,10,"58-2","N"," ",11680," ","논현동"
"18"," ","삼성",1997," "," "," ","165,000",28,1,2021," "," ",84.97,2,"747","N"," ",11680," ","수서동"
"19"," ","동익",1993," "," "," ","168,000",30,1,2021," "," ",84.46,13,"738","N"," ",11680," ","수서동"
"20"," ","이스턴오피스텔",2014," "," "," ","19,000",29,1,2021," "," ",15.25,15,"735-15","N"," ",11680," ","역삼동"
"21"," ","로덴하우스이스트빌리지",2009," "," "," ","425,000",30,1,2021," "," ",243.36,10,"462-1","N"," ",11680," ","도곡동"
"22"," ","역삼래미안",2005," "," "," ","198,000",30,1,2021," "," ",59.4,13,"757","N"," ",11680," ","역삼동"
"23"," ","현대2",1986," "," "," ","310,000",30,1,2021," "," ",165.08,1,"654","N"," ",11680," ","개포동"
"24"," ","한솔마을",1994," "," "," ","211,000",30,1,2021," "," ",84.73,4,"731","N"," ",11680," ","일원동"
"25"," ","e-편한세상",2005," "," "," ","264,900",31,1,2021," "," ",84.991,2,"755-4","N"," ",11680," ","역삼동"
"26"," ","개포우성3차",1984," "," "," ","145,000",25,1,2021," "," ",104.43,6,"652","N"," ",11680," ","개포동"
"27"," ","우성8",1987," "," "," ","200,000",11,1,2021," "," ",79.61,2,"179","N"," ",11680," ","개포동"
"28"," ","e-편한세상",2005," "," "," ","201,000",29,1,2021," "," ",59.606,4,"755-4","N"," ",11680," ","역삼동"
"29"," ","신동아",1992," "," "," ","117,500",29,1,2021," "," ",49.96,11,"736","N"," ",11680," ","수서동"
"30"," ","까치마을",1993," "," "," ","99,000",28,1,2021," "," ",39.6,3,"746","N"," ",11680," ","수서동"
"31"," ","동양파라곤",2004," "," "," ","355,000",28,1,2021," "," ",208.35,7,"245","N"," ",11680," ","논현동"
"32"," ","까치마을",1993," "," "," ","100,800",29,1,2021," "," ",39.6,3,"746","N"," ",11680," ","수서동"
"33"," ","현대4차저층(51~56동)",1977," "," "," ","397,000",27,1,2021," "," ",117.91,1,"462","N"," ",11680," ","압구정동"
"34"," ","성원대치2단지아파트",1992," "," "," ","108,500",30,1,2021," "," ",33.18,8,"12","N"," ",11680," ","개포동"
"35"," ","청담신원아침도시마인",2013," "," "," ","33,500",16,1,2021," "," ",27.7131,5,"122-35","N"," ",11680," ","청담동"
"36"," ","도곡렉슬",2006," "," "," ","368,000",30,1,2021," "," ",138.3156,18,"527","N"," ",11680," ","도곡동"
"37"," ","테헤란로대우아이빌(891-6)",2004," "," "," ","43,700",23,1,2021," "," ",35.51,14,"891-6","N"," ",11680," ","대치동"
"38"," ","개포주공7단지",1983," ","21.04.26","O","235,000",30,1,2021," "," ",73.26,1,"185","N"," ",11680," ","개포동"
"39"," ","타워팰리스2",2003," "," "," ","270,000",25,1,2021," "," ",164.13,45,"467-17","N"," ",11680," ","도곡동"
"40"," ","신동아",1992," "," "," ","111,700",28,1,2021," "," ",39.51,10,"736","N"," ",11680," ","수서동"
"41"," ","래미안 개포 루체하임",2018," "," "," ","265,000",29,1,2021," "," ",84.97,17,"741","N"," ",11680," ","일원동"
"42"," ","삼성",1997," "," "," ","169,100",28,1,2021," "," ",84.97,3,"747","N"," ",11680," ","수서동"
"43"," ","중명하니빌",1997," "," "," ","33,000",25,1,2021," "," ",34.1,2,"965","N"," ",11680," ","도곡동"
"44"," ","e-편한세상",2005," "," "," ","208,000",30,1,2021," "," ",59.606,4,"755-4","N"," ",11680," ","역삼동"
"45"," ","도곡렉슬",2006," "," "," ","332,000",22,1,2021," "," ",114.9931,22,"527","N"," ",11680," ","도곡동"
"46"," ","타워팰리스1",2002," "," "," ","300,000",30,1,2021," "," ",137.24,17,"467","N"," ",11680," ","도곡동"
"47"," ","현대비젼21",1999," "," "," ","39,000",30,1,2021," "," ",32.65,20,"467-19","N"," ",11680," ","도곡동"
"48"," ","삼성",1997," "," "," ","159,289",28,1,2021," "," ",84.97,1,"747","N"," ",11680," ","수서동"
"49"," ","역삼동하나빌",2002," "," "," ","67,700",25,1,2021," "," ",52.31,13,"681-26","N"," ",11680," ","역삼동"
"50"," ","삼성동롯데아파트",2000," "," "," ","217,000",27,1,2021," "," ",91.77,4,"17","N"," ",11680," ","삼성동"
"51"," ","한보미도맨션2",1985," "," "," ","330,000",29,1,2021," "," ",126.33,13,"511","N"," ",11680," ","대치동"
"52"," ","채널리저브",2007," "," "," ","155,000",21,1,2021," "," ",84.97,7,"144-14","N"," ",11680," ","삼성동"
"53"," ","한보미도맨션2",1985," "," "," ","249,500",29,1,2021," "," ",84.96,1,"511","N"," ",11680," ","대치동"
"54"," ","은마",1979," "," "," ","237,000",22,1,2021," "," ",84.43,11,"316","N"," ",11680," ","대치동"
"55"," ","역삼푸르지오",2006," "," "," ","205,000",26,1,2021," "," ",59.8848,24,"754-1","N"," ",11680," ","역삼동"
"56"," ","샘터마을",1994," "," "," ","250,000",26,1,2021," "," ",134.438,6,"718","N"," ",11680," ","일원동"
"57"," ","쌍용",1996," ","21.03.23","O","107,000",26,1,2021," "," ",59.91,6,"103","N"," ",11680," ","논현동"
"58"," ","은마",1979," "," "," ","214,500",19,1,2021," "," ",76.79,13,"316","N"," ",11680," ","대치동"
"59"," ","테헤란아이파크",2014," "," "," ","258,000",30,1,2021," "," ",92.6232,2,"709-5","N"," ",11680," ","역삼동"
"60"," ","도곡렉슬",2006," "," "," ","314,800",22,1,2021," "," ",119.8906,11,"527","N"," ",11680," ","도곡동"
"61"," ","대치삼성",2000," "," "," ","270,000",27,1,2021," "," ",97.35,8,"1014-3","N"," ",11680," ","대치동"
"62"," ","래미안강남힐즈",2014," "," "," ","175,000",25,1,2021," "," ",91.96,2,"611","N"," ",11680," ","자곡동"
"63"," ","은마",1979," "," "," ","217,000",26,1,2021," "," ",76.79,5,"316","N"," ",11680," ","대치동"
"64"," ","마일스디오빌",2004," "," "," ","36,000",21,1,2021," "," ",36.29,10,"58-2","N"," ",11680," ","논현동"
"65"," ","개포현대200동",1986," "," "," ","192,000",22,1,2021," "," ",82.2,8,"655-1","N"," ",11680," ","개포동"
"66"," ","현대비젼21",1999," "," "," ","38,800",21,1,2021," "," ",32.65,20,"467-19","N"," ",11680," ","도곡동"
"67"," ","진흥아파트",1984," "," "," ","278,000",18,1,2021," "," ",145.69,7,"65","N"," ",11680," ","청담동"
"68"," ","삼성동힐스테이트 1단지",2008," "," "," ","242,000",22,1,2021," "," ",84.236,7,"16-2","N"," ",11680," ","삼성동"
"69"," ","강남자곡아이파크",2014," "," "," ","160,000",19,1,2021," "," ",74.97,14,"602","N"," ",11680," ","자곡동"
"70"," ","디에이치포레센트",2021," "," "," ","318,000",24,1,2021," "," ",101.94,11,"742","N"," ",11680," ","일원동"
"71"," ","래미안포레",2014," "," "," ","183,000",23,1,2021," "," ",101.51,8,"687","N"," ",11680," ","자곡동"
"72"," ","강남자곡아이파크",2014," "," "," ","163,000",23,1,2021," "," ",74.89,12,"602","N"," ",11680," ","자곡동"
"73"," ","삼성래미안",2001," "," "," ","312,000",30,1,2021," "," ",122.81,16,"91-5","N"," ",11680," ","도곡동"
"74"," ","신동아",1992," "," "," ","93,000",22,1,2021," "," ",33.18,10,"736","N"," ",11680," ","수서동"
"75"," ","아카데미스위트1",2004," "," "," ","185,000",19,1,2021," "," ",128.74,41,"467-7","N"," ",11680," ","도곡동"
"76"," ","도곡렉슬",2006," "," "," ","230,000",19,1,2021," "," ",59.9818,11,"527","N"," ",11680," ","도곡동"
"77"," ","아카데미스위트1",2004," "," "," ","183,000",20,1,2021," "," ",128.74,36,"467-7","N"," ",11680," ","도곡동"
"78"," ","삼성",1997," "," "," ","179,000",29,1,2021," "," ",84.97,2,"747","N"," ",11680," ","수서동"
"79"," ","타워팰리스1",2002," "," "," ","350,000",29,1,2021," "," ",164.95,44,"467","N"," ",11680," ","도곡동"
"80"," ","SK허브프리모",2006," "," "," ","40,000",26,1,2021," "," ",33.8,15,"953-1","N"," ",11680," ","도곡동"
"81"," ","성원대치2단지아파트",1992," "," "," ","133,000",26,1,2021," "," ",39.53,15,"12","N"," ",11680," ","개포동"
"82"," ","우민",2002," "," "," ","116,000",19,1,2021," "," ",74.758,5,"107-44","N"," ",11680," ","논현동"
"83"," ","역삼래미안",2005," ","21.02.25","O","198,000",30,1,2021," "," ",59.4,13,"757","N"," ",11680," ","역삼동"
"84"," ","까치마을",1993," "," "," ","100,700",26,1,2021," "," ",39.6,7,"746","N"," ",11680," ","수서동"
"85"," ","래미안그레이튼(진달래2차)",2010," "," "," ","208,000",27,1,2021," "," ",59.78,23,"762-3","N"," ",11680," ","역삼동"
"86"," ","은마",1979," "," "," ","242,000",26,1,2021," "," ",84.43,9,"316","N"," ",11680," ","대치동"
"87"," ","현대힐스테이트2단지",2008," "," "," ","255,000",21,1,2021," "," ",84.679,4,"50","N"," ",11680," ","삼성동"
"88"," ","삼성",1997," "," "," ","186,500",29,1,2021," "," ",84.97,13,"747","N"," ",11680," ","수서동"
"89"," ","현대13차(208~211동)",1983," "," "," ","310,000",26,1,2021," "," ",108.47,2,"448","N"," ",11680," ","압구정동"
"90"," ","미성2차",1987," "," "," ","346,000",21,1,2021," "," ",140.9,5,"397","N"," ",11680," ","압구정동"
"91"," ","개포자이",2004," "," "," ","270,000",30,1,2021," "," ",170.32,19,"12-2","N"," ",11680," ","개포동"
"92"," ","삼성",1994," "," "," ","176,000",18,1,2021," "," ",73.41,2,"161","N"," ",11680," ","도곡동"
"93"," ","채널리저브",2007," "," "," ","165,000",22,1,2021," "," ",84.97,12,"144-14","N"," ",11680," ","삼성동"
"94"," ","한양4",1978," "," "," ","527,000",25,1,2021," "," ",208.65,9,"486","N"," ",11680," ","압구정동"
"95"," ","대우리츠카운티",2001," "," "," ","315,000",19,1,2021," "," ",211.72,3,"117-22","N"," ",11680," ","청담동"
"96"," ","대우디오빌플러스",2004," "," "," ","43,500",21,1,2021," "," ",43.99,11,"824-25","N"," ",11680," ","역삼동"
"97"," ","청담자이",2011," "," "," ","179,500",18,1,2021," "," ",49.618,35,"134-38","N"," ",11680," ","청담동"
"98"," ","강남자곡아이파크",2014," "," "," ","179,500",20,1,2021," "," ",84.92,3,"602","N"," ",11680," ","자곡동"
"99"," ","푸른마을아파트101동~111동",1994," "," "," ","185,000",23,1,2021," "," ",84.93,14,"719","N"," ",11680," ","일원동"
"100"," ","한양1차(영동한양)",1977," "," "," ","245,000",30,1,2021," "," ",78.05,1,"490","N"," ",11680," ","압구정동"
